description,method,url,parametrize,json,expect
查找,get,"",tag=tag,,200
新增,post,"","","{
    ""text"": ""test_text"",
    ""tag"": [
        {
            ""tagContent"": ""test_tagContent1""
        },
        {
            ""tagContent"": ""test_tagContent2""
        }
    ]
}",200
删除,delete,/186,"",,200
修改,put,"","","{
    ""id"": ""64"",
    ""text"": ""1234567891111111111111111111"",
    ""tag"": [
        {
            ""tagContent"": ""测试3""
        },
        {
            ""tagContent"": ""新的tag""
        }
    ]
}",200
登录,post,/login,"","{
    ""phoneNumber"":""12345678902"",
    ""password"":""12345678""
}",200
